Code Domaine,Domaine,Code zone,Zone,Code Élément,Élément,Code Produit,Produit,Code année,Année,Unité,Valeur,Symbole,Description du Symbole
"FBS","Nouveaux Bilans Alimentaire","2","Afghanistan","5611","Importations - Quantité","2734","Viande de Volailles","2018","2018","Milliers de tonnes","25","Im","Données de la FAO basées sur une méthodologie d'imputation"
"FBS","Nouveaux Bilans Alimentaire","2","Afghanistan","5142","Nourriture","2734","Viande de Volailles","2018","2018","Milliers de tonnes","53","Im","Données de la FAO basées sur une méthodologie d'imputation"
"FBS","Nouveaux Bilans Alimentaire","202","Afrique du Sud","5611","Importations - Quantité","2734","Viande de Volailles","2018","2018","Milliers de tonnes","515","Im","Données de la FAO basées sur une méthodologie d'imputation"
"FBS","Nouveaux Bilans Alimentaire","202","Afrique du Sud","5142","Nourriture","2734","Viande de Volailles","2018","2018","Milliers de tonnes","2229","Im","Données de la FAO basées sur une méthodologie d'imputation"
"FBS","Nouveaux Bilans Alimentaire","3","Albanie","5611","Importations - Quantité","2734","Viande de Volailles","2018","2018","Milliers de tonnes","12","Im","Données de la FAO basées sur une méthodologie d'imputation"
"FBS","Nouveaux Bilans Alimentaire","3","Albanie","5142","Nourriture","2734","Viande de Volailles","2018","2018","Milliers de tonnes","27","Im","Données de la FAO basées sur une méthodologie d'imputation"
"FBS","Nouveaux Bilans Alimentaire","4","Algérie","5611","Importations - Quantité","2734","Viande de Volailles","2018","2018","Milliers de tonnes","0","Im","Données de la FAO basées sur une méthodologie d'imputation"
"FBS","Nouveaux Bilans Alimentaire","4","Algérie","5142","Nourriture","2734","Viande de Volailles","2018","2018","Milliers de tonnes","295","Im","Données de la FAO basées sur une méthodologie d'imputation"
"FBS","Nouveaux Bilans Alimentaire","79","Allemagne","5611","Importations - Quantité","2734","Viande de Volailles","2018","2018","Milliers de tonnes","871","Im","Données de la FAO basées sur une méthodologie d'imputation"
"FBS","Nouveaux Bilans Alimentaire","79","Allemagne","5142","Nourriture","2734","Viande de Volailles","2018","2018","Milliers de tonnes","1509","Im","Données de la FAO basées sur une méthodologie d'imputation"
"FBS","Nouveaux Bilans Alimentaire","7","Angola","5611","Importations - Quantité","2734","Viande de Volailles","2018","2018","Milliers de tonnes","335","Im","Données de la FAO basées sur une méthodologie d'imputation"
"FBS","Nouveaux Bilans Alimentaire","7","Angola","5142","Nourriture","2734","Viande de Volailles","2018","2018","Milliers de tonnes","362","Im","Données de la FAO basées sur une méthodologie d'imputation"
"FBS","Nouveaux Bilans Alimentaire","8","Antigua-et-Barbuda","5611","Importations - Quantité","2734","Viande de Volailles","2018","2018","Milliers de tonnes","7","Im","Données de la FAO basées sur une méthodologie d'imputation"
"FBS","Nouveaux Bilans Alimentaire","8","Antigua-et-Barbuda","5142","Nourriture","2734","Viande de Volailles","2018","2018","Milliers de tonnes","6","Im","Données de la FAO basées sur une méthodologie d'imputation"
"FBS","Nouveaux Bilans Alimentaire","194","Arabie saoudite","5611","Importations - Quantité","2734","Viande de Volailles","2018","2018","Milliers de tonnes","640","Im","Données de la FAO basées sur une méthodologie d'imputation"
"FBS","Nouveaux Bilans Alimentaire","194","Arabie saoudite","5142","Nourriture","2734","Viande de Volailles","2018","2018","Milliers de tonnes","1180","Im","Données de la FAO basées sur une méthodologie d'imputation"
"FBS","Nouveaux Bilans Alimentaire","9","Argentine","5611","Importations - Quantité","2734","Viande de Volailles","2018","2018","Milliers de tonnes","13","Im","Données de la FAO basées sur une méthodologie d'imputation"
"FBS","Nouveaux Bilans Alimentaire","9","Argentine","5142","Nourriture","2734","Viande de Volailles","2018","2018","Milliers de tonnes","1963","Im","Données de la FAO basées sur une méthodologie d'imputation"
"FBS","Nouveaux Bilans Alimentaire","1","Arménie","5611","Importations - Quantité","2734","Viande de Volailles","2018","2018","Milliers de tonnes","33","Im","Données de la FAO basées sur une méthodologie d'imputation"
"FBS","Nouveaux Bilans Alimentaire","1","Arménie","5142","Nourriture","2734","Viande de Volailles","2018","2018","Milliers de tonnes","45","Im","Données de la FAO basées sur une méthodologie d'imputation"
"FBS","Nouveaux Bilans Alimentaire","10","Australie","5611","Importations - Quantité","2734","Viande de Volailles","2018","2018","Milliers de tonnes","16","Im","Données de la FAO basées sur une méthodologie d'imputation"
"FBS","Nouveaux Bilans Alimentaire","10","Australie","5142","Nourriture","2734","Viande de Volailles","2018","2018","Milliers de tonnes","1211","Im","Données de la FAO basées sur une méthodologie d'imputation"
"FBS","Nouveaux Bilans Alimentaire","11","Autriche","5611","Importations - Quantité","2734","Viande de Volailles","2018","2018","Milliers de tonnes","114","Im","Données de la FAO basées sur une méthodologie d'imputation"
"FBS","Nouveaux Bilans Alimentaire","11","Autriche","5142","Nourriture","2734","Viande de Volailles","2018","2018","Milliers de tonnes","165","Im","Données de la FAO basées sur une méthodologie d'imputation"
"FBS","Nouveaux Bilans Alimentaire","52","Azerbaïdjan","5611","Importations - Quantité","2734","Viande de Volailles","2018","2018","Milliers de tonnes","35","Im","Données de la FAO basées sur une méthodologie d'imputation"
"FBS","Nouveaux Bilans Alimentaire","52","Azerbaïdjan","5142","Nourriture","2734","Viande de Volailles","2018","2018","Milliers de tonnes","138","Im","Données de la FAO basées sur une méthodologie d'imputation"
"FBS","Nouveaux Bilans Alimentaire","12","Bahamas","5611","Importations - Quantité","2734","Viande de Volailles","2018","2018","Milliers de tonnes","26","Im","Données de la FAO basées sur une méthodologie d'imputation"
"FBS","Nouveaux Bilans Alimentaire","12","Bahamas","5142","Nourriture","2734","Viande de Volailles","2018","2018","Milliers de tonnes","20","Im","Données de la FAO basées sur une méthodologie d'imputation"
"FBS","Nouveaux Bilans Alimentaire","16","Bangladesh","5611","Importations - Quantité","2734","Viande de Volailles","2018","2018","Milliers de tonnes","0","Im","Données de la FAO basées sur une méthodologie d'imputation"
"FBS","Nouveaux Bilans Alimentaire","16","Bangladesh","5142","Nourriture","2734","Viande de Volailles","2018","2018","Milliers de tonnes","257","Im","Données de la FAO basées sur une méthodologie d'imputation"
"FBS","Nouveaux Bilans Alimentaire","14","Barbade","5611","Importations - Quantité","2734","Viande de Volailles","2018","2018","Milliers de tonnes","2","Im","Données de la FAO basées sur une méthodologie d'imputation"
"FBS","Nouveaux Bilans Alimentaire","14","Barbade","5142","Nourriture","2734","Viande de Volailles","2018","2018","Milliers de tonnes","14","Im","Données de la FAO basées sur une méthodologie d'imputation"
"FBS","Nouveaux Bilans Alimentaire","57","Bélarus","5611","Importations - Quantité","2734","Viande de Volailles","2018","2018","Milliers de tonnes","11","Im","Données de la FAO basées sur une méthodologie d'imputation"
"FBS","Nouveaux Bilans Alimentaire","57","Bélarus","5142","Nourriture","2734","Viande de Volailles","2018","2018","Milliers de tonnes","273","Im","Données de la FAO basées sur une méthodologie d'imputation"
"FBS","Nouveaux Bilans Alimentaire","255","Belgique","5611","Importations - Quantité","2734","Viande de Volailles","2018","2018","Milliers de tonnes","303","Im","Données de la FAO basées sur une méthodologie d'imputation"
"FBS","Nouveaux Bilans Alimentaire","255","Belgique","5142","Nourriture","2734","Viande de Volailles","2018","2018","Milliers de tonnes","132","Im","Données de la FAO basées sur une méthodologie d'imputation"
"FBS","Nouveaux Bilans Alimentaire","23","Belize","5611","Importations - Quantité","2734","Viande de Volailles","2018","2018","Milliers de tonnes","0","Im","Données de la FAO basées sur une méthodologie d'imputation"
"FBS","Nouveaux Bilans Alimentaire","23","Belize","5142","Nourriture","2734","Viande de Volailles","2018","2018","Milliers de tonnes","10","Im","Données de la FAO basées sur une méthodologie d'imputation"
"FBS","Nouveaux Bilans Alimentaire","53","Bénin","5611","Importations - Quantité","2734","Viande de Volailles","2018","2018","Milliers de tonnes","117","Im","Données de la FAO basées sur une méthodologie d'imputation"
"FBS","Nouveaux Bilans Alimentaire","53","Bénin","5142","Nourriture","2734","Viande de Volailles","2018","2018","Milliers de tonnes","114","Im","Données de la FAO basées sur une méthodologie d'imputation"
"FBS","Nouveaux Bilans Alimentaire","19","Bolivie (État plurinational de)","5611","Importations - Quantité","2734","Viande de Volailles","2018","2018","Milliers de tonnes","0","Im","Données de la FAO basées sur une méthodologie d'imputation"
"FBS","Nouveaux Bilans Alimentaire","19","Bolivie (État plurinational de)","5142","Nourriture","2734","Viande de Volailles","2018","2018","Milliers de tonnes","484","Im","Données de la FAO basées sur une méthodologie d'imputation"
"FBS","Nouveaux Bilans Alimentaire","80","Bosnie-Herzégovine","5611","Importations - Quantité","2734","Viande de Volailles","2018","2018","Milliers de tonnes","12","Im","Données de la FAO basées sur une méthodologie d'imputation"
"FBS","Nouveaux Bilans Alimentaire","80","Bosnie-Herzégovine","5142","Nourriture","2734","Viande de Volailles","2018","2018","Milliers de tonnes","66","Im","Données de la FAO basées sur une méthodologie d'imputation"
"FBS","Nouveaux Bilans Alimentaire","20","Botswana","5611","Importations - Quantité","2734","Viande de Volailles","2018","2018","Milliers de tonnes","5","Im","Données de la FAO basées sur une méthodologie d'imputation"
"FBS","Nouveaux Bilans Alimentaire","20","Botswana","5142","Nourriture","2734","Viande de Volailles","2018","2018","Milliers de tonnes","9","Im","Données de la FAO basées sur une méthodologie d'imputation"
"FBS","Nouveaux Bilans Alimentaire","21","Brésil","5611","Importations - Quantité","2734","Viande de Volailles","2018","2018","Milliers de tonnes","3","Im","Données de la FAO basées sur une méthodologie d'imputation"
"FBS","Nouveaux Bilans Alimentaire","21","Brésil","5142","Nourriture","2734","Viande de Volailles","2018","2018","Milliers de tonnes","9855","Im","Données de la FAO basées sur une méthodologie d'imputation"
"FBS","Nouveaux Bilans Alimentaire","27","Bulgarie","5611","Importations - Quantité","2734","Viande de Volailles","2018","2018","Milliers de tonnes","108","Im","Données de la FAO basées sur une méthodologie d'imputation"
"FBS","Nouveaux Bilans Alimentaire","27","Bulgarie","5142","Nourriture","2734","Viande de Volailles","2018","2018","Milliers de tonnes","160","Im","Données de la FAO basées sur une méthodologie d'imputation"
"FBS","Nouveaux Bilans Alimentaire","233","Burkina Faso","5611","Importations - Quantité","2734","Viande de Volailles","2018","2018","Milliers de tonnes","0","Im","Données de la FAO basées sur une méthodologie d'imputation"
"FBS","Nouveaux Bilans Alimentaire","233","Burkina Faso","5142","Nourriture","2734","Viande de Volailles","2018","2018","Milliers de tonnes","48","Im","Données de la FAO basées sur une méthodologie d'imputation"
"FBS","Nouveaux Bilans Alimentaire","35","Cabo Verde","5611","Importations - Quantité","2734","Viande de Volailles","2018","2018","Milliers de tonnes","13","Im","Données de la FAO basées sur une méthodologie d'imputation"
"FBS","Nouveaux Bilans Alimentaire","35","Cabo Verde","5142","Nourriture","2734","Viande de Volailles","2018","2018","Milliers de tonnes","10","Im","Données de la FAO basées sur une méthodologie d'imputation"
"FBS","Nouveaux Bilans Alimentaire","115","Cambodge","5611","Importations - Quantité","2734","Viande de Volailles","2018","2018","Milliers de tonnes","15","Im","Données de la FAO basées sur une méthodologie d'imputation"
"FBS","Nouveaux Bilans Alimentaire","115","Cambodge","5142","Nourriture","2734","Viande de Volailles","2018","2018","Milliers de tonnes","40","Im","Données de la FAO basées sur une méthodologie d'imputation"
"FBS","Nouveaux Bilans Alimentaire","32","Cameroun","5611","Importations - Quantité","2734","Viande de Volailles","2018","2018","Milliers de tonnes","2","Im","Données de la FAO basées sur une méthodologie d'imputation"
"FBS","Nouveaux Bilans Alimentaire","32","Cameroun","5142","Nourriture","2734","Viande de Volailles","2018","2018","Milliers de tonnes","80","Im","Données de la FAO basées sur une méthodologie d'imputation"
"FBS","Nouveaux Bilans Alimentaire","33","Canada","5611","Importations - Quantité","2734","Viande de Volailles","2018","2018","Milliers de tonnes","177","Im","Données de la FAO basées sur une méthodologie d'imputation"
"FBS","Nouveaux Bilans Alimentaire","33","Canada","5142","Nourriture","2734","Viande de Volailles","2018","2018","Milliers de tonnes","1501","Im","Données de la FAO basées sur une méthodologie d'imputation"
"FBS","Nouveaux Bilans Alimentaire","40","Chili","5611","Importations - Quantité","2734","Viande de Volailles","2018","2018","Milliers de tonnes","160","Im","Données de la FAO basées sur une méthodologie d'imputation"
"FBS","Nouveaux Bilans Alimentaire","40","Chili","5142","Nourriture","2734","Viande de Volailles","2018","2018","Milliers de tonnes","765","Im","Données de la FAO basées sur une méthodologie d'imputation"
"FBS","Nouveaux Bilans Alimentaire","96","Chine - RAS de Hong-Kong","5611","Importations - Quantité","2734","Viande de Volailles","2018","2018","Milliers de tonnes","821","Im","Données de la FAO basées sur une méthodologie d'imputation"
"FBS","Nouveaux Bilans Alimentaire","96","Chine - RAS de Hong-Kong","5142","Nourriture","2734","Viande de Volailles","2018","2018","Milliers de tonnes","294","Im","Données de la FAO basées sur une méthodologie d'imputation"
"FBS","Nouveaux Bilans Alimentaire","128","Chine - RAS de Macao","5611","Importations - Quantité","2734","Viande de Volailles","2018","2018","Milliers de tonnes","26","Im","Données de la FAO basées sur une méthodologie d'imputation"
"FBS","Nouveaux Bilans Alimentaire","128","Chine - RAS de Macao","5142","Nourriture","2734","Viande de Volailles","2018","2018","Milliers de tonnes","22","Im","Données de la FAO basées sur une méthodologie d'imputation"
"FBS","Nouveaux Bilans Alimentaire","41","Chine, continentale","5611","Importations - Quantité","2734","Viande de Volailles","2018","2018","Milliers de tonnes","504","Im","Données de la FAO basées sur une méthodologie d'imputation"
"FBS","Nouveaux Bilans Alimentaire","41","Chine, continentale","5142","Nourriture","2734","Viande de Volailles","2018","2018","Milliers de tonnes","19591","Im","Données de la FAO basées sur une méthodologie d'imputation"
"FBS","Nouveaux Bilans Alimentaire","214","Chine, Taiwan Province de","5611","Importations - Quantité","2734","Viande de Volailles","2018","2018","Milliers de tonnes","217","Im","Données de la FAO basées sur une méthodologie d'imputation"
"FBS","Nouveaux Bilans Alimentaire","214","Chine, Taiwan Province de","5142","Nourriture","2734","Viande de Volailles","2018","2018","Milliers de tonnes","846","Im","Données de la FAO basées sur une méthodologie d'imputation"
"FBS","Nouveaux Bilans Alimentaire","50","Chypre","5611","Importations - Quantité","2734","Viande de Volailles","2018","2018","Milliers de tonnes","14","Im","Données de la FAO basées sur une méthodologie d'imputation"
"FBS","Nouveaux Bilans Alimentaire","50","Chypre","5142","Nourriture","2734","Viande de Volailles","2018","2018","Milliers de tonnes","30","Im","Données de la FAO basées sur une méthodologie d'imputation"
"FBS","Nouveaux Bilans Alimentaire","44","Colombie","5611","Importations - Quantité","2734","Viande de Volailles","2018","2018","Milliers de tonnes","90","Im","Données de la FAO basées sur une méthodologie d'imputation"
"FBS","Nouveaux Bilans Alimentaire","44","Colombie","5142","Nourriture","2734","Viande de Volailles","2018","2018","Milliers de tonnes","1719","Im","Données de la FAO basées sur une méthodologie d'imputation"
"FBS","Nouveaux Bilans Alimentaire","46","Congo","5611","Importations - Quantité","2734","Viande de Volailles","2018","2018","Milliers de tonnes","122","Im","Données de la FAO basées sur une méthodologie d'imputation"
"FBS","Nouveaux Bilans Alimentaire","46","Congo","5142","Nourriture","2734","Viande de Volailles","2018","2018","Milliers de tonnes","129","Im","Données de la FAO basées sur une méthodologie d'imputation"
"FBS","Nouveaux Bilans Alimentaire","48","Costa Rica","5611","Importations - Quantité","2734","Viande de Volailles","2018","2018","Milliers de tonnes","15","Im","Données de la FAO basées sur une méthodologie d'imputation"
"FBS","Nouveaux Bilans Alimentaire","48","Costa Rica","5142","Nourriture","2734","Viande de Volailles","2018","2018","Milliers de tonnes","135","Im","Données de la FAO basées sur une méthodologie d'imputation"
"FBS","Nouveaux Bilans Alimentaire","107","Côte d'Ivoire","5611","Importations - Quantité","2734","Viande de Volailles","2018","2018","Milliers de tonnes","1","Im","Données de la FAO basées sur une méthodologie d'imputation"
"FBS","Nouveaux Bilans Alimentaire","107","Côte d'Ivoire","5142","Nourriture","2734","Viande de Volailles","2018","2018","Milliers de tonnes","45","Im","Données de la FAO basées sur une méthodologie d'imputation"
"FBS","Nouveaux Bilans Alimentaire","98","Croatie","5611","Importations - Quantité","2734","Viande de Volailles","2018","2018","Milliers de tonnes","26","Im","Données de la FAO basées sur une méthodologie d'imputation"
"FBS","Nouveaux Bilans Alimentaire","98","Croatie","5142","Nourriture","2734","Viande de Volailles","2018","2018","Milliers de tonnes","51","Im","Données de la FAO basées sur une méthodologie d'imputation"
"FBS","Nouveaux Bilans Alimentaire","49","Cuba","5611","Importations - Quantité","2734","Viande de Volailles","2018","2018","Milliers de tonnes","284","Im","Données de la FAO basées sur une méthodologie d'imputation"
"FBS","Nouveaux Bilans Alimentaire","49","Cuba","5142","Nourriture","2734","Viande de Volailles","2018","2018","Milliers de tonnes","322","Im","Données de la FAO basées sur une méthodologie d'imputation"
"FBS","Nouveaux Bilans Alimentaire","54","Danemark","5611","Importations - Quantité","2734","Viande de Volailles","2018","2018","Milliers de tonnes","141","Im","Données de la FAO basées sur une méthodologie d'imputation"
"FBS","Nouveaux Bilans Alimentaire","54","Danemark","5142","Nourriture","2734","Viande de Volailles","2018","2018","Milliers de tonnes","155","Im","Données de la FAO basées sur une méthodologie d'imputation"
"FBS","Nouveaux Bilans Alimentaire","72","Djibouti","5611","Importations - Quantité","2734","Viande de Volailles","2018","2018","Milliers de tonnes","3","Im","Données de la FAO basées sur une méthodologie d'imputation"
"FBS","Nouveaux Bilans Alimentaire","72","Djibouti","5142","Nourriture","2734","Viande de Volailles","2018","2018","Milliers de tonnes","3","Im","Données de la FAO basées sur une méthodologie d'imputation"
"FBS","Nouveaux Bilans Alimentaire","55","Dominique","5611","Importations - Quantité","2734","Viande de Volailles","2018","2018","Milliers de tonnes","4","Im","Données de la FAO basées sur une méthodologie d'imputation"
"FBS","Nouveaux Bilans Alimentaire","55","Dominique","5142","Nourriture","2734","Viande de Volailles","2018","2018","Milliers de tonnes","3","Im","Données de la FAO basées sur une méthodologie d'imputation"
"FBS","Nouveaux Bilans Alimentaire","59","Égypte","5611","Importations - Quantité","2734","Viande de Volailles","2018","2018","Milliers de tonnes","46","Im","Données de la FAO basées sur une méthodologie d'imputation"
"FBS","Nouveaux Bilans Alimentaire","59","Égypte","5142","Nourriture","2734","Viande de Volailles","2018","2018","Milliers de tonnes","1711","Im","Données de la FAO basées sur une méthodologie d'imputation"
"FBS","Nouveaux Bilans Alimentaire","60","El Salvador","5611","Importations - Quantité","2734","Viande de Volailles","2018","2018","Milliers de tonnes","20","Im","Données de la FAO basées sur une méthodologie d'imputation"
"FBS","Nouveaux Bilans Alimentaire","60","El Salvador","5142","Nourriture","2734","Viande de Volailles","2018","2018","Milliers de tonnes","154","Im","Données de la FAO basées sur une méthodologie d'imputation"
"FBS","Nouveaux Bilans Alimentaire","225","Émirats arabes unis","5611","Importations - Quantité","2734","Viande de Volailles","2018","2018","Milliers de tonnes","609","Im","Données de la FAO basées sur une méthodologie d'imputation"
"FBS","Nouveaux Bilans Alimentaire","225","Émirats arabes unis","5142","Nourriture","2734","Viande de Volailles","2018","2018","Milliers de tonnes","414","Im","Données de la FAO basées sur une méthodologie d'imputation"
"FBS","Nouveaux Bilans Alimentaire","58","Équateur","5611","Importations - Quantité","2734","Viande de Volailles","2018","2018","Milliers de tonnes","0","Im","Données de la FAO basées sur une méthodologie d'imputation"
"FBS","Nouveaux Bilans Alimentaire","58","Équateur","5142","Nourriture","2734","Viande de Volailles","2018","2018","Milliers de tonnes","350","Im","Données de la FAO basées sur une méthodologie d'imputation"
"FBS","Nouveaux Bilans Alimentaire","203","Espagne","5611","Importations - Quantité","2734","Viande de Volailles","2018","2018","Milliers de tonnes","189","Im","Données de la FAO basées sur une méthodologie d'imputation"
"FBS","Nouveaux Bilans Alimentaire","203","Espagne","5142","Nourriture","2734","Viande de Volailles","2018","2018","Milliers de tonnes","1423","Im","Données de la FAO basées sur une méthodologie d'imputation"
"FBS","Nouveaux Bilans Alimentaire","63","Estonie","5611","Importations - Quantité","2734","Viande de Volailles","2018","2018","Milliers de tonnes","30","Im","Données de la FAO basées sur une méthodologie d'imputation"
"FBS","Nouveaux Bilans Alimentaire","63","Estonie","5142","Nourriture","2734","Viande de Volailles","2018","2018","Milliers de tonnes","29","Im","Données de la FAO basées sur une méthodologie d'imputation"
"FBS","Nouveaux Bilans Alimentaire","209","Eswatini","5611","Importations - Quantité","2734","Viande de Volailles","2018","2018","Milliers de tonnes","2","Im","Données de la FAO basées sur une méthodologie d'imputation"
"FBS","Nouveaux Bilans Alimentaire","209","Eswatini","5142","Nourriture","2734","Viande de Volailles","2018","2018","Milliers de tonnes","8","Im","Données de la FAO basées sur une méthodologie d'imputation"
"FBS","Nouveaux Bilans Alimentaire","231","États-Unis d'Amérique","5611","Importations - Quantité","2734","Viande de Volailles","2018","2018","Milliers de tonnes","128","Im","Données de la FAO basées sur une méthodologie d'imputation"
"FBS","Nouveaux Bilans Alimentaire","231","États-Unis d'Amérique","5142","Nourriture","2734","Viande de Volailles","2018","2018","Milliers de tonnes","18526","Im","Données de la FAO basées sur une méthodologie d'imputation"
"FBS","Nouveaux Bilans Alimentaire","238","Éthiopie","5611","Importations - Quantité","2734","Viande de Volailles","2018","2018","Milliers de tonnes","1","Im","Données de la FAO basées sur une méthodologie d'imputation"
"FBS","Nouveaux Bilans Alimentaire","238","Éthiopie","5142","Nourriture","2734","Viande de Volailles","2018","2018","Milliers de tonnes","75","Im","Données de la FAO basées sur une méthodologie d'imputation"
"FBS","Nouveaux Bilans Alimentaire","185","Fédération de Russie","5611","Importations - Quantité","2734","Viande de Volailles","2018","2018","Milliers de tonnes","225","Im","Données de la FAO basées sur une méthodologie d'imputation"
"FBS","Nouveaux Bilans Alimentaire","185","Fédération de Russie","5142","Nourriture","2734","Viande de Volailles","2018","2018","Milliers de tonnes","4563","Im","Données de la FAO basées sur une méthodologie d'imputation"
"FBS","Nouveaux Bilans Alimentaire","66","Fidji","5611","Importations - Quantité","2734","Viande de Volailles","2018","2018","Milliers de tonnes","5","Im","Données de la FAO basées sur une méthodologie d'imputation"
"FBS","Nouveaux Bilans Alimentaire","66","Fidji","5142","Nourriture","2734","Viande de Volailles","2018","2018","Milliers de tonnes","21","Im","Données de la FAO basées sur une méthodologie d'imputation"
"FBS","Nouveaux Bilans Alimentaire","67","Finlande","5611","Importations - Quantité","2734","Viande de Volailles","2018","2018","Milliers de tonnes","17","Im","Données de la FAO basées sur une méthodologie d'imputation"
"FBS","Nouveaux Bilans Alimentaire","67","Finlande","5142","Nourriture","2734","Viande de Volailles","2018","2018","Milliers de tonnes","107","Im","Données de la FAO basées sur une méthodologie d'imputation"
"FBS","Nouveaux Bilans Alimentaire","68","France","5611","Importations - Quantité","2734","Viande de Volailles","2018","2018","Milliers de tonnes","533","Im","Données de la FAO basées sur une méthodologie d'imputation"
"FBS","Nouveaux Bilans Alimentaire","68","France","5142","Nourriture","2734","Viande de Volailles","2018","2018","Milliers de tonnes","1539","Im","Données de la FAO basées sur une méthodologie d'imputation"
"FBS","Nouveaux Bilans Alimentaire","74","Gabon","5611","Importations - Quantité","2734","Viande de Volailles","2018","2018","Milliers de tonnes","80","Im","Données de la FAO basées sur une méthodologie d'imputation"
"FBS","Nouveaux Bilans Alimentaire","74","Gabon","5142","Nourriture","2734","Viande de Volailles","2018","2018","Milliers de tonnes","63","Im","Données de la FAO basées sur une méthodologie d'imputation"
"FBS","Nouveaux Bilans Alimentaire","75","Gambie","5611","Importations - Quantité","2734","Viande de Volailles","2018","2018","Milliers de tonnes","21","Im","Données de la FAO basées sur une méthodologie d'imputation"
"FBS","Nouveaux Bilans Alimentaire","75","Gambie","5142","Nourriture","2734","Viande de Volailles","2018","2018","Milliers de tonnes","9","Im","Données de la FAO basées sur une méthodologie d'imputation"
"FBS","Nouveaux Bilans Alimentaire","73","Géorgie","5611","Importations - Quantité","2734","Viande de Volailles","2018","2018","Milliers de tonnes","51","Im","Données de la FAO basées sur une méthodologie d'imputation"
"FBS","Nouveaux Bilans Alimentaire","73","Géorgie","5142","Nourriture","2734","Viande de Volailles","2018","2018","Milliers de tonnes","66","Im","Données de la FAO basées sur une méthodologie d'imputation"
"FBS","Nouveaux Bilans Alimentaire","81","Ghana","5611","Importations - Quantité","2734","Viande de Volailles","2018","2018","Milliers de tonnes","205","Im","Données de la FAO basées sur une méthodologie d'imputation"
"FBS","Nouveaux Bilans Alimentaire","81","Ghana","5142","Nourriture","2734","Viande de Volailles","2018","2018","Milliers de tonnes","270","Im","Données de la FAO basées sur une méthodologie d'imputation"
"FBS","Nouveaux Bilans Alimentaire","84","Grèce","5611","Importations - Quantité","2734","Viande de Volailles","2018","2018","Milliers de tonnes","82","Im","Données de la FAO basées sur une méthodologie d'imputation"
"FBS","Nouveaux Bilans Alimentaire","84","Grèce","5142","Nourriture","2734","Viande de Volailles","2018","2018","Milliers de tonnes","211","Im","Données de la FAO basées sur une méthodologie d'imputation"
"FBS","Nouveaux Bilans Alimentaire","86","Grenade","5611","Importations - Quantité","2734","Viande de Volailles","2018","2018","Milliers de tonnes","7","Im","Données de la FAO basées sur une méthodologie d'imputation"
"FBS","Nouveaux Bilans Alimentaire","86","Grenade","5142","Nourriture","2734","Viande de Volailles","2018","2018","Milliers de tonnes","5","Im","Données de la FAO basées sur une méthodologie d'imputation"
"FBS","Nouveaux Bilans Alimentaire","89","Guatemala","5611","Importations - Quantité","2734","Viande de Volailles","2018","2018","Milliers de tonnes","118","Im","Données de la FAO basées sur une méthodologie d'imputation"
"FBS","Nouveaux Bilans Alimentaire","89","Guatemala","5142","Nourriture","2734","Viande de Volailles","2018","2018","Milliers de tonnes","318","Im","Données de la FAO basées sur une méthodologie d'imputation"
"FBS","Nouveaux Bilans Alimentaire","90","Guinée","5611","Importations - Quantité","2734","Viande de Volailles","2018","2018","Milliers de tonnes","43","Im","Données de la FAO basées sur une méthodologie d'imputation"
"FBS","Nouveaux Bilans Alimentaire","90","Guinée","5142","Nourriture","2734","Viande de Volailles","2018","2018","Milliers de tonnes","27","Im","Données de la FAO basées sur une méthodologie d'imputation"
"FBS","Nouveaux Bilans Alimentaire","175","Guinée-Bissau","5611","Importations - Quantité","2734","Viande de Volailles","2018","2018","Milliers de tonnes","4","Im","Données de la FAO basées sur une méthodologie d'imputation"
"FBS","Nouveaux Bilans Alimentaire","175","Guinée-Bissau","5142","Nourriture","2734","Viande de Volailles","2018","2018","Milliers de tonnes","4","Im","Données de la FAO basées sur une méthodologie d'imputation"
"FBS","Nouveaux Bilans Alimentaire","91","Guyana","5611","Importations - Quantité","2734","Viande de Volailles","2018","2018","Milliers de tonnes","1","Im","Données de la FAO basées sur une méthodologie d'imputation"
"FBS","Nouveaux Bilans Alimentaire","91","Guyana","5142","Nourriture","2734","Viande de Volailles","2018","2018","Milliers de tonnes","30","Im","Données de la FAO basées sur une méthodologie d'imputation"
"FBS","Nouveaux Bilans Alimentaire","93","Haïti","5611","Importations - Quantité","2734","Viande de Volailles","2018","2018","Milliers de tonnes","97","Im","Données de la FAO basées sur une méthodologie d'imputation"
"FBS","Nouveaux Bilans Alimentaire","93","Haïti","5142","Nourriture","2734","Viande de Volailles","2018","2018","Milliers de tonnes","96","Im","Données de la FAO basées sur une méthodologie d'imputation"
"FBS","Nouveaux Bilans Alimentaire","95","Honduras","5611","Importations - Quantité","2734","Viande de Volailles","2018","2018","Milliers de tonnes","18","Im","Données de la FAO basées sur une méthodologie d'imputation"
"FBS","Nouveaux Bilans Alimentaire","95","Honduras","5142","Nourriture","2734","Viande de Volailles","2018","2018","Milliers de tonnes","222","Im","Données de la FAO basées sur une méthodologie d'imputation"
"FBS","Nouveaux Bilans Alimentaire","97","Hongrie","5611","Importations - Quantité","2734","Viande de Volailles","2018","2018","Milliers de tonnes","61","Im","Données de la FAO basées sur une méthodologie d'imputation"
"FBS","Nouveaux Bilans Alimentaire","97","Hongrie","5142","Nourriture","2734","Viande de Volailles","2018","2018","Milliers de tonnes","247","Im","Données de la FAO basées sur une méthodologie d'imputation"
"FBS","Nouveaux Bilans Alimentaire","25","Îles Salomon","5611","Importations - Quantité","2734","Viande de Volailles","2018","2018","Milliers de tonnes","5","Im","Données de la FAO basées sur une méthodologie d'imputation"
"FBS","Nouveaux Bilans Alimentaire","25","Îles Salomon","5142","Nourriture","2734","Viande de Volailles","2018","2018","Milliers de tonnes","3","Im","Données de la FAO basées sur une méthodologie d'imputation"
"FBS","Nouveaux Bilans Alimentaire","100","Inde","5611","Importations - Quantité","2734","Viande de Volailles","2018","2018","Milliers de tonnes","0","Im","Données de la FAO basées sur une méthodologie d'imputation"
"FBS","Nouveaux Bilans Alimentaire","100","Inde","5142","Nourriture","2734","Viande de Volailles","2018","2018","Milliers de tonnes","3139","Im","Données de la FAO basées sur une méthodologie d'imputation"
"FBS","Nouveaux Bilans Alimentaire","101","Indonésie","5611","Importations - Quantité","2734","Viande de Volailles","2018","2018","Milliers de tonnes","0","Im","Données de la FAO basées sur une méthodologie d'imputation"
"FBS","Nouveaux Bilans Alimentaire","101","Indonésie","5142","Nourriture","2734","Viande de Volailles","2018","2018","Milliers de tonnes","2119","Im","Données de la FAO basées sur une méthodologie d'imputation"
"FBS","Nouveaux Bilans Alimentaire","102","Iran (République islamique d')","5611","Importations - Quantité","2734","Viande de Volailles","2018","2018","Milliers de tonnes","0","Im","Données de la FAO basées sur une méthodologie d'imputation"
"FBS","Nouveaux Bilans Alimentaire","102","Iran (République islamique d')","5142","Nourriture","2734","Viande de Volailles","2018","2018","Milliers de tonnes","2228","Im","Données de la FAO basées sur une méthodologie d'imputation"
"FBS","Nouveaux Bilans Alimentaire","103","Iraq","5611","Importations - Quantité","2734","Viande de Volailles","2018","2018","Milliers de tonnes","222","Im","Données de la FAO basées sur une méthodologie d'imputation"
"FBS","Nouveaux Bilans Alimentaire","103","Iraq","5142","Nourriture","2734","Viande de Volailles","2018","2018","Milliers de tonnes","311","Im","Données de la FAO basées sur une méthodologie d'imputation"
"FBS","Nouveaux Bilans Alimentaire","104","Irlande","5611","Importations - Quantité","2734","Viande de Volailles","2018","2018","Milliers de tonnes","105","Im","Données de la FAO basées sur une méthodologie d'imputation"
"FBS","Nouveaux Bilans Alimentaire","104","Irlande","5142","Nourriture","2734","Viande de Volailles","2018","2018","Milliers de tonnes","118","Im","Données de la FAO basées sur une méthodologie d'imputation"
"FBS","Nouveaux Bilans Alimentaire","99","Islande","5611","Importations - Quantité","2734","Viande de Volailles","2018","2018","Milliers de tonnes","1","Im","Données de la FAO basées sur une méthodologie d'imputation"
"FBS","Nouveaux Bilans Alimentaire","99","Islande","5142","Nourriture","2734","Viande de Volailles","2018","2018","Milliers de tonnes","10","Im","Données de la FAO basées sur une méthodologie d'imputation"
"FBS","Nouveaux Bilans Alimentaire","105","Israël","5611","Importations - Quantité","2734","Viande de Volailles","2018","2018","Milliers de tonnes","0","Im","Données de la FAO basées sur une méthodologie d'imputation"
"FBS","Nouveaux Bilans Alimentaire","105","Israël","5142","Nourriture","2734","Viande de Volailles","2018","2018","Milliers de tonnes","566","Im","Données de la FAO basées sur une méthodologie d'imputation"
"FBS","Nouveaux Bilans Alimentaire","106","Italie","5611","Importations - Quantité","2734","Viande de Volailles","2018","2018","Milliers de tonnes","94","Im","Données de la FAO basées sur une méthodologie d'imputation"
"FBS","Nouveaux Bilans Alimentaire","106","Italie","5142","Nourriture","2734","Viande de Volailles","2018","2018","Milliers de tonnes","1145","Im","Données de la FAO basées sur une méthodologie d'imputation"
"FBS","Nouveaux Bilans Alimentaire","109","Jamaïque","5611","Importations - Quantité","2734","Viande de Volailles","2018","2018","Milliers de tonnes","34","Im","Données de la FAO basées sur une méthodologie d'imputation"
"FBS","Nouveaux Bilans Alimentaire","109","Jamaïque","5142","Nourriture","2734","Viande de Volailles","2018","2018","Milliers de tonnes","151","Im","Données de la FAO basées sur une méthodologie d'imputation"
"FBS","Nouveaux Bilans Alimentaire","110","Japon","5611","Importations - Quantité","2734","Viande de Volailles","2018","2018","Milliers de tonnes","1089","Im","Données de la FAO basées sur une méthodologie d'imputation"
"FBS","Nouveaux Bilans Alimentaire","110","Japon","5142","Nourriture","2734","Viande de Volailles","2018","2018","Milliers de tonnes","2388","Im","Données de la FAO basées sur une méthodologie d'imputation"
"FBS","Nouveaux Bilans Alimentaire","112","Jordanie","5611","Importations - Quantité","2734","Viande de Volailles","2018","2018","Milliers de tonnes","64","Im","Données de la FAO basées sur une méthodologie d'imputation"
"FBS","Nouveaux Bilans Alimentaire","112","Jordanie","5142","Nourriture","2734","Viande de Volailles","2018","2018","Milliers de tonnes","247","Im","Données de la FAO basées sur une méthodologie d'imputation"
"FBS","Nouveaux Bilans Alimentaire","108","Kazakhstan","5611","Importations - Quantité","2734","Viande de Volailles","2018","2018","Milliers de tonnes","195","Im","Données de la FAO basées sur une méthodologie d'imputation"
"FBS","Nouveaux Bilans Alimentaire","108","Kazakhstan","5142","Nourriture","2734","Viande de Volailles","2018","2018","Milliers de tonnes","341","Im","Données de la FAO basées sur une méthodologie d'imputation"
"FBS","Nouveaux Bilans Alimentaire","114","Kenya","5611","Importations - Quantité","2734","Viande de Volailles","2018","2018","Milliers de tonnes","1","Im","Données de la FAO basées sur une méthodologie d'imputation"
"FBS","Nouveaux Bilans Alimentaire","114","Kenya","5142","Nourriture","2734","Viande de Volailles","2018","2018","Milliers de tonnes","31","Im","Données de la FAO basées sur une méthodologie d'imputation"
"FBS","Nouveaux Bilans Alimentaire","113","Kirghizistan","5611","Importations - Quantité","2734","Viande de Volailles","2018","2018","Milliers de tonnes","29","Im","Données de la FAO basées sur une méthodologie d'imputation"
"FBS","Nouveaux Bilans Alimentaire","113","Kirghizistan","5142","Nourriture","2734","Viande de Volailles","2018","2018","Milliers de tonnes","21","Im","Données de la FAO basées sur une méthodologie d'imputation"
"FBS","Nouveaux Bilans Alimentaire","83","Kiribati","5611","Importations - Quantité","2734","Viande de Volailles","2018","2018","Milliers de tonnes","2","Im","Données de la FAO basées sur une méthodologie d'imputation"
"FBS","Nouveaux Bilans Alimentaire","83","Kiribati","5142","Nourriture","2734","Viande de Volailles","2018","2018","Milliers de tonnes","2","Im","Données de la FAO basées sur une méthodologie d'imputation"
"FBS","Nouveaux Bilans Alimentaire","118","Koweït","5611","Importations - Quantité","2734","Viande de Volailles","2018","2018","Milliers de tonnes","147","Im","Données de la FAO basées sur une méthodologie d'imputation"
"FBS","Nouveaux Bilans Alimentaire","118","Koweït","5142","Nourriture","2734","Viande de Volailles","2018","2018","Milliers de tonnes","198","Im","Données de la FAO basées sur une méthodologie d'imputation"
"FBS","Nouveaux Bilans Alimentaire","122","Lesotho","5611","Importations - Quantité","2734","Viande de Volailles","2018","2018","Milliers de tonnes","17","Im","Données de la FAO basées sur une méthodologie d'imputation"
"FBS","Nouveaux Bilans Alimentaire","122","Lesotho","5142","Nourriture","2734","Viande de Volailles","2018","2018","Milliers de tonnes","17","Im","Données de la FAO basées sur une méthodologie d'imputation"
"FBS","Nouveaux Bilans Alimentaire","119","Lettonie","5611","Importations - Quantité","2734","Viande de Volailles","2018","2018","Milliers de tonnes","47","Im","Données de la FAO basées sur une méthodologie d'imputation"
"FBS","Nouveaux Bilans Alimentaire","119","Lettonie","5142","Nourriture","2734","Viande de Volailles","2018","2018","Milliers de tonnes","41","Im","Données de la FAO basées sur une méthodologie d'imputation"
"FBS","Nouveaux Bilans Alimentaire","121","Liban","5611","Importations - Quantité","2734","Viande de Volailles","2018","2018","Milliers de tonnes","10","Im","Données de la FAO basées sur une méthodologie d'imputation"
"FBS","Nouveaux Bilans Alimentaire","121","Liban","5142","Nourriture","2734","Viande de Volailles","2018","2018","Milliers de tonnes","122","Im","Données de la FAO basées sur une méthodologie d'imputation"
"FBS","Nouveaux Bilans Alimentaire","123","Libéria","5611","Importations - Quantité","2734","Viande de Volailles","2018","2018","Milliers de tonnes","39","Im","Données de la FAO basées sur une méthodologie d'imputation"
"FBS","Nouveaux Bilans Alimentaire","123","Libéria","5142","Nourriture","2734","Viande de Volailles","2018","2018","Milliers de tonnes","71","Im","Données de la FAO basées sur une méthodologie d'imputation"
"FBS","Nouveaux Bilans Alimentaire","126","Lituanie","5611","Importations - Quantité","2734","Viande de Volailles","2018","2018","Milliers de tonnes","45","Im","Données de la FAO basées sur une méthodologie d'imputation"
"FBS","Nouveaux Bilans Alimentaire","126","Lituanie","5142","Nourriture","2734","Viande de Volailles","2018","2018","Milliers de tonnes","81","Im","Données de la FAO basées sur une méthodologie d'imputation"
"FBS","Nouveaux Bilans Alimentaire","256","Luxembourg","5611","Importations - Quantité","2734","Viande de Volailles","2018","2018","Milliers de tonnes","12","Im","Données de la FAO basées sur une méthodologie d'imputation"
"FBS","Nouveaux Bilans Alimentaire","256","Luxembourg","5142","Nourriture","2734","Viande de Volailles","2018","2018","Milliers de tonnes","11","Im","Données de la FAO basées sur une méthodologie d'imputation"
"FBS","Nouveaux Bilans Alimentaire","154","Macédoine du Nord","5611","Importations - Quantité","2734","Viande de Volailles","2018","2018","Milliers de tonnes","40","Im","Données de la FAO basées sur une méthodologie d'imputation"
"FBS","Nouveaux Bilans Alimentaire","154","Macédoine du Nord","5142","Nourriture","2734","Viande de Volailles","2018","2018","Milliers de tonnes","41","Im","Données de la FAO basées sur une méthodologie d'imputation"
"FBS","Nouveaux Bilans Alimentaire","129","Madagascar","5611","Importations - Quantité","2734","Viande de Volailles","2018","2018","Milliers de tonnes","0","Im","Données de la FAO basées sur une méthodologie d'imputation"
"FBS","Nouveaux Bilans Alimentaire","129","Madagascar","5142","Nourriture","2734","Viande de Volailles","2018","2018","Milliers de tonnes","80","Im","Données de la FAO basées sur une méthodologie d'imputation"
"FBS","Nouveaux Bilans Alimentaire","131","Malaisie","5611","Importations - Quantité","2734","Viande de Volailles","2018","2018","Milliers de tonnes","72","Im","Données de la FAO basées sur une méthodologie d'imputation"
"FBS","Nouveaux Bilans Alimentaire","131","Malaisie","5142","Nourriture","2734","Viande de Volailles","2018","2018","Milliers de tonnes","1231","Im","Données de la FAO basées sur une méthodologie d'imputation"
"FBS","Nouveaux Bilans Alimentaire","130","Malawi","5611","Importations - Quantité","2734","Viande de Volailles","2018","2018","Milliers de tonnes","0","Im","Données de la FAO basées sur une méthodologie d'imputation"
"FBS","Nouveaux Bilans Alimentaire","130","Malawi","5142","Nourriture","2734","Viande de Volailles","2018","2018","Milliers de tonnes","61","Im","Données de la FAO basées sur une méthodologie d'imputation"
"FBS","Nouveaux Bilans Alimentaire","132","Maldives","5611","Importations - Quantité","2734","Viande de Volailles","2018","2018","Milliers de tonnes","13","Im","Données de la FAO basées sur une méthodologie d'imputation"
"FBS","Nouveaux Bilans Alimentaire","132","Maldives","5142","Nourriture","2734","Viande de Volailles","2018","2018","Milliers de tonnes","7","Im","Données de la FAO basées sur une méthodologie d'imputation"
"FBS","Nouveaux Bilans Alimentaire","133","Mali","5611","Importations - Quantité","2734","Viande de Volailles","2018","2018","Milliers de tonnes","0","Im","Données de la FAO basées sur une méthodologie d'imputation"
"FBS","Nouveaux Bilans Alimentaire","133","Mali","5142","Nourriture","2734","Viande de Volailles","2018","2018","Milliers de tonnes","47","Im","Données de la FAO basées sur une méthodologie d'imputation"
"FBS","Nouveaux Bilans Alimentaire","134","Malte","5611","Importations - Quantité","2734","Viande de Volailles","2018","2018","Milliers de tonnes","9","Im","Données de la FAO basées sur une méthodologie d'imputation"
"FBS","Nouveaux Bilans Alimentaire","134","Malte","5142","Nourriture","2734","Viande de Volailles","2018","2018","Milliers de tonnes","12","Im","Données de la FAO basées sur une méthodologie d'imputation"
"FBS","Nouveaux Bilans Alimentaire","143","Maroc","5611","Importations - Quantité","2734","Viande de Volailles","2018","2018","Milliers de tonnes","3","Im","Données de la FAO basées sur une méthodologie d'imputation"
"FBS","Nouveaux Bilans Alimentaire","143","Maroc","5142","Nourriture","2734","Viande de Volailles","2018","2018","Milliers de tonnes","730","Im","Données de la FAO basées sur une méthodologie d'imputation"
"FBS","Nouveaux Bilans Alimentaire","137","Maurice","5611","Importations - Quantité","2734","Viande de Volailles","2018","2018","Milliers de tonnes","3","Im","Données de la FAO basées sur une méthodologie d'imputation"
"FBS","Nouveaux Bilans Alimentaire","137","Maurice","5142","Nourriture","2734","Viande de Volailles","2018","2018","Milliers de tonnes","50","Im","Données de la FAO basées sur une méthodologie d'imputation"
"FBS","Nouveaux Bilans Alimentaire","136","Mauritanie","5611","Importations - Quantité","2734","Viande de Volailles","2018","2018","Milliers de tonnes","29","Im","Données de la FAO basées sur une méthodologie d'imputation"
"FBS","Nouveaux Bilans Alimentaire","136","Mauritanie","5142","Nourriture","2734","Viande de Volailles","2018","2018","Milliers de tonnes","23","Im","Données de la FAO basées sur une méthodologie d'imputation"
"FBS","Nouveaux Bilans Alimentaire","138","Mexique","5611","Importations - Quantité","2734","Viande de Volailles","2018","2018","Milliers de tonnes","983","Im","Données de la FAO basées sur une méthodologie d'imputation"
"FBS","Nouveaux Bilans Alimentaire","138","Mexique","5142","Nourriture","2734","Viande de Volailles","2018","2018","Milliers de tonnes","4348","Im","Données de la FAO basées sur une méthodologie d'imputation"
"FBS","Nouveaux Bilans Alimentaire","141","Mongolie","5611","Importations - Quantité","2734","Viande de Volailles","2018","2018","Milliers de tonnes","12","Im","Données de la FAO basées sur une méthodologie d'imputation"
"FBS","Nouveaux Bilans Alimentaire","141","Mongolie","5142","Nourriture","2734","Viande de Volailles","2018","2018","Milliers de tonnes","9","Im","Données de la FAO basées sur une méthodologie d'imputation"
"FBS","Nouveaux Bilans Alimentaire","273","Monténégro","5611","Importations - Quantité","2734","Viande de Volailles","2018","2018","Milliers de tonnes","9","Im","Données de la FAO basées sur une méthodologie d'imputation"
"FBS","Nouveaux Bilans Alimentaire","273","Monténégro","5142","Nourriture","2734","Viande de Volailles","2018","2018","Milliers de tonnes","10","Im","Données de la FAO basées sur une méthodologie d'imputation"
"FBS","Nouveaux Bilans Alimentaire","144","Mozambique","5611","Importations - Quantité","2734","Viande de Volailles","2018","2018","Milliers de tonnes","25","Im","Données de la FAO basées sur une méthodologie d'imputation"
"FBS","Nouveaux Bilans Alimentaire","144","Mozambique","5142","Nourriture","2734","Viande de Volailles","2018","2018","Milliers de tonnes","112","Im","Données de la FAO basées sur une méthodologie d'imputation"
"FBS","Nouveaux Bilans Alimentaire","28","Myanmar","5611","Importations - Quantité","2734","Viande de Volailles","2018","2018","Milliers de tonnes","1","Im","Données de la FAO basées sur une méthodologie d'imputation"
"FBS","Nouveaux Bilans Alimentaire","28","Myanmar","5142","Nourriture","2734","Viande de Volailles","2018","2018","Milliers de tonnes","1563","Im","Données de la FAO basées sur une méthodologie d'imputation"
"FBS","Nouveaux Bilans Alimentaire","147","Namibie","5611","Importations - Quantité","2734","Viande de Volailles","2018","2018","Milliers de tonnes","26","Im","Données de la FAO basées sur une méthodologie d'imputation"
"FBS","Nouveaux Bilans Alimentaire","147","Namibie","5142","Nourriture","2734","Viande de Volailles","2018","2018","Milliers de tonnes","24","Im","Données de la FAO basées sur une méthodologie d'imputation"
"FBS","Nouveaux Bilans Alimentaire","149","Népal","5611","Importations - Quantité","2734","Viande de Volailles","2018","2018","Milliers de tonnes","0","Im","Données de la FAO basées sur une méthodologie d'imputation"
"FBS","Nouveaux Bilans Alimentaire","149","Népal","5142","Nourriture","2734","Viande de Volailles","2018","2018","Milliers de tonnes","58","Im","Données de la FAO basées sur une méthodologie d'imputation"
"FBS","Nouveaux Bilans Alimentaire","157","Nicaragua","5611","Importations - Quantité","2734","Viande de Volailles","2018","2018","Milliers de tonnes","7","Im","Données de la FAO basées sur une méthodologie d'imputation"
"FBS","Nouveaux Bilans Alimentaire","157","Nicaragua","5142","Nourriture","2734","Viande de Volailles","2018","2018","Milliers de tonnes","132","Im","Données de la FAO basées sur une méthodologie d'imputation"
"FBS","Nouveaux Bilans Alimentaire","158","Niger","5611","Importations - Quantité","2734","Viande de Volailles","2018","2018","Milliers de tonnes","2","Im","Données de la FAO basées sur une méthodologie d'imputation"
"FBS","Nouveaux Bilans Alimentaire","158","Niger","5142","Nourriture","2734","Viande de Volailles","2018","2018","Milliers de tonnes","25","Im","Données de la FAO basées sur une méthodologie d'imputation"
"FBS","Nouveaux Bilans Alimentaire","159","Nigéria","5611","Importations - Quantité","2734","Viande de Volailles","2018","2018","Milliers de tonnes","18","Im","Données de la FAO basées sur une méthodologie d'imputation"
"FBS","Nouveaux Bilans Alimentaire","159","Nigéria","5142","Nourriture","2734","Viande de Volailles","2018","2018","Milliers de tonnes","211","Im","Données de la FAO basées sur une méthodologie d'imputation"
"FBS","Nouveaux Bilans Alimentaire","162","Norvège","5611","Importations - Quantité","2734","Viande de Volailles","2018","2018","Milliers de tonnes","2","Im","Données de la FAO basées sur une méthodologie d'imputation"
"FBS","Nouveaux Bilans Alimentaire","162","Norvège","5142","Nourriture","2734","Viande de Volailles","2018","2018","Milliers de tonnes","110","Im","Données de la FAO basées sur une méthodologie d'imputation"
"FBS","Nouveaux Bilans Alimentaire","153","Nouvelle-Calédonie","5611","Importations - Quantité","2734","Viande de Volailles","2018","2018","Milliers de tonnes","9","Im","Données de la FAO basées sur une méthodologie d'imputation"
"FBS","Nouveaux Bilans Alimentaire","153","Nouvelle-Calédonie","5142","Nourriture","2734","Viande de Volailles","2018","2018","Milliers de tonnes","10","Im","Données de la FAO basées sur une méthodologie d'imputation"
"FBS","Nouveaux Bilans Alimentaire","156","Nouvelle-Zélande","5611","Importations - Quantité","2734","Viande de Volailles","2018","2018","Milliers de tonnes","1","Im","Données de la FAO basées sur une méthodologie d'imputation"
"FBS","Nouveaux Bilans Alimentaire","156","Nouvelle-Zélande","5142","Nourriture","2734","Viande de Volailles","2018","2018","Milliers de tonnes","121","Im","Données de la FAO basées sur une méthodologie d'imputation"
"FBS","Nouveaux Bilans Alimentaire","221","Oman","5611","Importations - Quantité","2734","Viande de Volailles","2018","2018","Milliers de tonnes","120","Im","Données de la FAO basées sur une méthodologie d'imputation"
"FBS","Nouveaux Bilans Alimentaire","221","Oman","5142","Nourriture","2734","Viande de Volailles","2018","2018","Milliers de tonnes","100","Im","Données de la FAO basées sur une méthodologie d'imputation"
"FBS","Nouveaux Bilans Alimentaire","226","Ouganda","5611","Importations - Quantité","2734","Viande de Volailles","2018","2018","Milliers de tonnes","0","Im","Données de la FAO basées sur une méthodologie d'imputation"
"FBS","Nouveaux Bilans Alimentaire","226","Ouganda","5142","Nourriture","2734","Viande de Volailles","2018","2018","Milliers de tonnes","69","Im","Données de la FAO basées sur une méthodologie d'imputation"
"FBS","Nouveaux Bilans Alimentaire","235","Ouzbékistan","5611","Importations - Quantité","2734","Viande de Volailles","2018","2018","Milliers de tonnes","7","Im","Données de la FAO basées sur une méthodologie d'imputation"
"FBS","Nouveaux Bilans Alimentaire","235","Ouzbékistan","5142","Nourriture","2734","Viande de Volailles","2018","2018","Milliers de tonnes","67","Im","Données de la FAO basées sur une méthodologie d'imputation"
"FBS","Nouveaux Bilans Alimentaire","165","Pakistan","5611","Importations - Quantité","2734","Viande de Volailles","2018","2018","Milliers de tonnes","1","Im","Données de la FAO basées sur une méthodologie d'imputation"
"FBS","Nouveaux Bilans Alimentaire","165","Pakistan","5142","Nourriture","2734","Viande de Volailles","2018","2018","Milliers de tonnes","1045","Im","Données de la FAO basées sur une méthodologie d'imputation"
"FBS","Nouveaux Bilans Alimentaire","166","Panama","5611","Importations - Quantité","2734","Viande de Volailles","2018","2018","Milliers de tonnes","21","Im","Données de la FAO basées sur une méthodologie d'imputation"
"FBS","Nouveaux Bilans Alimentaire","166","Panama","5142","Nourriture","2734","Viande de Volailles","2018","2018","Milliers de tonnes","142","Im","Données de la FAO basées sur une méthodologie d'imputation"
"FBS","Nouveaux Bilans Alimentaire","168","Papouasie-Nouvelle-Guinée","5611","Importations - Quantité","2734","Viande de Volailles","2018","2018","Milliers de tonnes","21","Im","Données de la FAO basées sur une méthodologie d'imputation"
"FBS","Nouveaux Bilans Alimentaire","168","Papouasie-Nouvelle-Guinée","5142","Nourriture","2734","Viande de Volailles","2018","2018","Milliers de tonnes","29","Im","Données de la FAO basées sur une méthodologie d'imputation"
"FBS","Nouveaux Bilans Alimentaire","169","Paraguay","5611","Importations - Quantité","2734","Viande de Volailles","2018","2018","Milliers de tonnes","1","Im","Données de la FAO basées sur une méthodologie d'imputation"
"FBS","Nouveaux Bilans Alimentaire","169","Paraguay","5142","Nourriture","2734","Viande de Volailles","2018","2018","Milliers de tonnes","69","Im","Données de la FAO basées sur une méthodologie d'imputation"
"FBS","Nouveaux Bilans Alimentaire","150","Pays-Bas","5611","Importations - Quantité","2734","Viande de Volailles","2018","2018","Milliers de tonnes","585","Im","Données de la FAO basées sur une méthodologie d'imputation"
"FBS","Nouveaux Bilans Alimentaire","150","Pays-Bas","5142","Nourriture","2734","Viande de Volailles","2018","2018","Milliers de tonnes","224","Im","Données de la FAO basées sur une méthodologie d'imputation"
"FBS","Nouveaux Bilans Alimentaire","170","Pérou","5611","Importations - Quantité","2734","Viande de Volailles","2018","2018","Milliers de tonnes","70","Im","Données de la FAO basées sur une méthodologie d'imputation"
"FBS","Nouveaux Bilans Alimentaire","170","Pérou","5142","Nourriture","2734","Viande de Volailles","2018","2018","Milliers de tonnes","435","Im","Données de la FAO basées sur une méthodologie d'imputation"
"FBS","Nouveaux Bilans Alimentaire","171","Philippines","5611","Importations - Quantité","2734","Viande de Volailles","2018","2018","Milliers de tonnes","282","Im","Données de la FAO basées sur une méthodologie d'imputation"
"FBS","Nouveaux Bilans Alimentaire","171","Philippines","5142","Nourriture","2734","Viande de Volailles","2018","2018","Milliers de tonnes","1368","Im","Données de la FAO basées sur une méthodologie d'imputation"
"FBS","Nouveaux Bilans Alimentaire","173","Pologne","5611","Importations - Quantité","2734","Viande de Volailles","2018","2018","Milliers de tonnes","77","Im","Données de la FAO basées sur une méthodologie d'imputation"
"FBS","Nouveaux Bilans Alimentaire","173","Pologne","5142","Nourriture","2734","Viande de Volailles","2018","2018","Milliers de tonnes","1155","Im","Données de la FAO basées sur une méthodologie d'imputation"
"FBS","Nouveaux Bilans Alimentaire","70","Polynésie française","5611","Importations - Quantité","2734","Viande de Volailles","2018","2018","Milliers de tonnes","16","Im","Données de la FAO basées sur une méthodologie d'imputation"
"FBS","Nouveaux Bilans Alimentaire","70","Polynésie française","5142","Nourriture","2734","Viande de Volailles","2018","2018","Milliers de tonnes","14","Im","Données de la FAO basées sur une méthodologie d'imputation"
"FBS","Nouveaux Bilans Alimentaire","174","Portugal","5611","Importations - Quantité","2734","Viande de Volailles","2018","2018","Milliers de tonnes","85","Im","Données de la FAO basées sur une méthodologie d'imputation"
"FBS","Nouveaux Bilans Alimentaire","174","Portugal","5142","Nourriture","2734","Viande de Volailles","2018","2018","Milliers de tonnes","324","Im","Données de la FAO basées sur une méthodologie d'imputation"
"FBS","Nouveaux Bilans Alimentaire","37","République centrafricaine","5611","Importations - Quantité","2734","Viande de Volailles","2018","2018","Milliers de tonnes","5","Im","Données de la FAO basées sur une méthodologie d'imputation"
"FBS","Nouveaux Bilans Alimentaire","37","République centrafricaine","5142","Nourriture","2734","Viande de Volailles","2018","2018","Milliers de tonnes","9","Im","Données de la FAO basées sur une méthodologie d'imputation"
"FBS","Nouveaux Bilans Alimentaire","117","République de Corée","5611","Importations - Quantité","2734","Viande de Volailles","2018","2018","Milliers de tonnes","170","Im","Données de la FAO basées sur une méthodologie d'imputation"
"FBS","Nouveaux Bilans Alimentaire","117","République de Corée","5142","Nourriture","2734","Viande de Volailles","2018","2018","Milliers de tonnes","865","Im","Données de la FAO basées sur une méthodologie d'imputation"
"FBS","Nouveaux Bilans Alimentaire","146","République de Moldova","5611","Importations - Quantité","2734","Viande de Volailles","2018","2018","Milliers de tonnes","19","Im","Données de la FAO basées sur une méthodologie d'imputation"
"FBS","Nouveaux Bilans Alimentaire","146","République de Moldova","5142","Nourriture","2734","Viande de Volailles","2018","2018","Milliers de tonnes","76","Im","Données de la FAO basées sur une méthodologie d'imputation"
"FBS","Nouveaux Bilans Alimentaire","120","République démocratique populaire lao","5611","Importations - Quantité","2734","Viande de Volailles","2018","2018","Milliers de tonnes","40","Im","Données de la FAO basées sur une méthodologie d'imputation"
"FBS","Nouveaux Bilans Alimentaire","120","République démocratique populaire lao","5142","Nourriture","2734","Viande de Volailles","2018","2018","Milliers de tonnes","41","Im","Données de la FAO basées sur une méthodologie d'imputation"
"FBS","Nouveaux Bilans Alimentaire","56","République dominicaine","5611","Importations - Quantité","2734","Viande de Volailles","2018","2018","Milliers de tonnes","57","Im","Données de la FAO basées sur une méthodologie d'imputation"
"FBS","Nouveaux Bilans Alimentaire","56","République dominicaine","5142","Nourriture","2734","Viande de Volailles","2018","2018","Milliers de tonnes","396","Im","Données de la FAO basées sur une méthodologie d'imputation"
"FBS","Nouveaux Bilans Alimentaire","116","République populaire démocratique de Corée","5611","Importations - Quantité","2734","Viande de Volailles","2018","2018","Milliers de tonnes","0","Im","Données de la FAO basées sur une méthodologie d'imputation"
"FBS","Nouveaux Bilans Alimentaire","116","République populaire démocratique de Corée","5142","Nourriture","2734","Viande de Volailles","2018","2018","Milliers de tonnes","43","Im","Données de la FAO basées sur une méthodologie d'imputation"
"FBS","Nouveaux Bilans Alimentaire","215","République-Unie de Tanzanie","5611","Importations - Quantité","2734","Viande de Volailles","2018","2018","Milliers de tonnes","1","Im","Données de la FAO basées sur une méthodologie d'imputation"
"FBS","Nouveaux Bilans Alimentaire","215","République-Unie de Tanzanie","5142","Nourriture","2734","Viande de Volailles","2018","2018","Milliers de tonnes","81","Im","Données de la FAO basées sur une méthodologie d'imputation"
"FBS","Nouveaux Bilans Alimentaire","183","Roumanie","5611","Importations - Quantité","2734","Viande de Volailles","2018","2018","Milliers de tonnes","141","Im","Données de la FAO basées sur une méthodologie d'imputation"
"FBS","Nouveaux Bilans Alimentaire","183","Roumanie","5142","Nourriture","2734","Viande de Volailles","2018","2018","Milliers de tonnes","377","Im","Données de la FAO basées sur une méthodologie d'imputation"
"FBS","Nouveaux Bilans Alimentaire","229","Royaume-Uni de Grande-Bretagne et d'Irlande du Nord","5611","Importations - Quantité","2734","Viande de Volailles","2018","2018","Milliers de tonnes","802","Im","Données de la FAO basées sur une méthodologie d'imputation"
"FBS","Nouveaux Bilans Alimentaire","229","Royaume-Uni de Grande-Bretagne et d'Irlande du Nord","5142","Nourriture","2734","Viande de Volailles","2018","2018","Milliers de tonnes","2029","Im","Données de la FAO basées sur une méthodologie d'imputation"
"FBS","Nouveaux Bilans Alimentaire","184","Rwanda","5611","Importations - Quantité","2734","Viande de Volailles","2018","2018","Milliers de tonnes","0","Im","Données de la FAO basées sur une méthodologie d'imputation"
"FBS","Nouveaux Bilans Alimentaire","184","Rwanda","5142","Nourriture","2734","Viande de Volailles","2018","2018","Milliers de tonnes","16","Im","Données de la FAO basées sur une méthodologie d'imputation"
"FBS","Nouveaux Bilans Alimentaire","189","Sainte-Lucie","5611","Importations - Quantité","2734","Viande de Volailles","2018","2018","Milliers de tonnes","10","Im","Données de la FAO basées sur une méthodologie d'imputation"
"FBS","Nouveaux Bilans Alimentaire","189","Sainte-Lucie","5142","Nourriture","2734","Viande de Volailles","2018","2018","Milliers de tonnes","11","Im","Données de la FAO basées sur une méthodologie d'imputation"
"FBS","Nouveaux Bilans Alimentaire","188","Saint-Kitts-et-Nevis","5611","Importations - Quantité","2734","Viande de Volailles","2018","2018","Milliers de tonnes","3","Im","Données de la FAO basées sur une méthodologie d'imputation"
"FBS","Nouveaux Bilans Alimentaire","188","Saint-Kitts-et-Nevis","5142","Nourriture","2734","Viande de Volailles","2018","2018","Milliers de tonnes","3","Im","Données de la FAO basées sur une méthodologie d'imputation"
"FBS","Nouveaux Bilans Alimentaire","191","Saint-Vincent-et-les Grenadines","5611","Importations - Quantité","2734","Viande de Volailles","2018","2018","Milliers de tonnes","8","Im","Données de la FAO basées sur une méthodologie d'imputation"
"FBS","Nouveaux Bilans Alimentaire","191","Saint-Vincent-et-les Grenadines","5142","Nourriture","2734","Viande de Volailles","2018","2018","Milliers de tonnes","8","Im","Données de la FAO basées sur une méthodologie d'imputation"
"FBS","Nouveaux Bilans Alimentaire","244","Samoa","5611","Importations - Quantité","2734","Viande de Volailles","2018","2018","Milliers de tonnes","18","Im","Données de la FAO basées sur une méthodologie d'imputation"
"FBS","Nouveaux Bilans Alimentaire","244","Samoa","5142","Nourriture","2734","Viande de Volailles","2018","2018","Milliers de tonnes","12","Im","Données de la FAO basées sur une méthodologie d'imputation"
"FBS","Nouveaux Bilans Alimentaire","193","Sao Tomé-et-Principe","5611","Importations - Quantité","2734","Viande de Volailles","2018","2018","Milliers de tonnes","2","Im","Données de la FAO basées sur une méthodologie d'imputation"
"FBS","Nouveaux Bilans Alimentaire","193","Sao Tomé-et-Principe","5142","Nourriture","2734","Viande de Volailles","2018","2018","Milliers de tonnes","2","Im","Données de la FAO basées sur une méthodologie d'imputation"
"FBS","Nouveaux Bilans Alimentaire","195","Sénégal","5611","Importations - Quantité","2734","Viande de Volailles","2018","2018","Milliers de tonnes","0","Im","Données de la FAO basées sur une méthodologie d'imputation"
"FBS","Nouveaux Bilans Alimentaire","195","Sénégal","5142","Nourriture","2734","Viande de Volailles","2018","2018","Milliers de tonnes","71","Im","Données de la FAO basées sur une méthodologie d'imputation"
"FBS","Nouveaux Bilans Alimentaire","272","Serbie","5611","Importations - Quantité","2734","Viande de Volailles","2018","2018","Milliers de tonnes","17","Im","Données de la FAO basées sur une méthodologie d'imputation"
"FBS","Nouveaux Bilans Alimentaire","272","Serbie","5142","Nourriture","2734","Viande de Volailles","2018","2018","Milliers de tonnes","103","Im","Données de la FAO basées sur une méthodologie d'imputation"
"FBS","Nouveaux Bilans Alimentaire","197","Sierra Leone","5611","Importations - Quantité","2734","Viande de Volailles","2018","2018","Milliers de tonnes","18","Im","Données de la FAO basées sur une méthodologie d'imputation"
"FBS","Nouveaux Bilans Alimentaire","197","Sierra Leone","5142","Nourriture","2734","Viande de Volailles","2018","2018","Milliers de tonnes","32","Im","Données de la FAO basées sur une méthodologie d'imputation"
"FBS","Nouveaux Bilans Alimentaire","199","Slovaquie","5611","Importations - Quantité","2734","Viande de Volailles","2018","2018","Milliers de tonnes","87","Im","Données de la FAO basées sur une méthodologie d'imputation"
"FBS","Nouveaux Bilans Alimentaire","199","Slovaquie","5142","Nourriture","2734","Viande de Volailles","2018","2018","Milliers de tonnes","77","Im","Données de la FAO basées sur une méthodologie d'imputation"
"FBS","Nouveaux Bilans Alimentaire","198","Slovénie","5611","Importations - Quantité","2734","Viande de Volailles","2018","2018","Milliers de tonnes","23","Im","Données de la FAO basées sur une méthodologie d'imputation"
"FBS","Nouveaux Bilans Alimentaire","198","Slovénie","5142","Nourriture","2734","Viande de Volailles","2018","2018","Milliers de tonnes","50","Im","Données de la FAO basées sur une méthodologie d'imputation"
"FBS","Nouveaux Bilans Alimentaire","276","Soudan","5611","Importations - Quantité","2734","Viande de Volailles","2018","2018","Milliers de tonnes","0","Im","Données de la FAO basées sur une méthodologie d'imputation"
"FBS","Nouveaux Bilans Alimentaire","276","Soudan","5142","Nourriture","2734","Viande de Volailles","2018","2018","Milliers de tonnes","67","Im","Données de la FAO basées sur une méthodologie d'imputation"
"FBS","Nouveaux Bilans Alimentaire","38","Sri Lanka","5611","Importations - Quantité","2734","Viande de Volailles","2018","2018","Milliers de tonnes","0","Im","Données de la FAO basées sur une méthodologie d'imputation"
"FBS","Nouveaux Bilans Alimentaire","38","Sri Lanka","5142","Nourriture","2734","Viande de Volailles","2018","2018","Milliers de tonnes","111","Im","Données de la FAO basées sur une méthodologie d'imputation"
"FBS","Nouveaux Bilans Alimentaire","210","Suède","5611","Importations - Quantité","2734","Viande de Volailles","2018","2018","Milliers de tonnes","81","Im","Données de la FAO basées sur une méthodologie d'imputation"
"FBS","Nouveaux Bilans Alimentaire","210","Suède","5142","Nourriture","2734","Viande de Volailles","2018","2018","Milliers de tonnes","168","Im","Données de la FAO basées sur une méthodologie d'imputation"
"FBS","Nouveaux Bilans Alimentaire","211","Suisse","5611","Importations - Quantité","2734","Viande de Volailles","2018","2018","Milliers de tonnes","45","Im","Données de la FAO basées sur une méthodologie d'imputation"
"FBS","Nouveaux Bilans Alimentaire","211","Suisse","5142","Nourriture","2734","Viande de Volailles","2018","2018","Milliers de tonnes","132","Im","Données de la FAO basées sur une méthodologie d'imputation"
"FBS","Nouveaux Bilans Alimentaire","207","Suriname","5611","Importations - Quantité","2734","Viande de Volailles","2018","2018","Milliers de tonnes","22","Im","Données de la FAO basées sur une méthodologie d'imputation"
"FBS","Nouveaux Bilans Alimentaire","207","Suriname","5142","Nourriture","2734","Viande de Volailles","2018","2018","Milliers de tonnes","19","Im","Données de la FAO basées sur une méthodologie d'imputation"
"FBS","Nouveaux Bilans Alimentaire","208","Tadjikistan","5611","Importations - Quantité","2734","Viande de Volailles","2018","2018","Milliers de tonnes","14","Im","Données de la FAO basées sur une méthodologie d'imputation"
"FBS","Nouveaux Bilans Alimentaire","208","Tadjikistan","5142","Nourriture","2734","Viande de Volailles","2018","2018","Milliers de tonnes","30","Im","Données de la FAO basées sur une méthodologie d'imputation"
"FBS","Nouveaux Bilans Alimentaire","39","Tchad","5611","Importations - Quantité","2734","Viande de Volailles","2018","2018","Milliers de tonnes","1","Im","Données de la FAO basées sur une méthodologie d'imputation"
"FBS","Nouveaux Bilans Alimentaire","39","Tchad","5142","Nourriture","2734","Viande de Volailles","2018","2018","Milliers de tonnes","7","Im","Données de la FAO basées sur une méthodologie d'imputation"
"FBS","Nouveaux Bilans Alimentaire","167","Tchéquie","5611","Importations - Quantité","2734","Viande de Volailles","2018","2018","Milliers de tonnes","121","Im","Données de la FAO basées sur une méthodologie d'imputation"
"FBS","Nouveaux Bilans Alimentaire","167","Tchéquie","5142","Nourriture","2734","Viande de Volailles","2018","2018","Milliers de tonnes","238","Im","Données de la FAO basées sur une méthodologie d'imputation"
"FBS","Nouveaux Bilans Alimentaire","216","Thaïlande","5611","Importations - Quantité","2734","Viande de Volailles","2018","2018","Milliers de tonnes","2","Im","Données de la FAO basées sur une méthodologie d'imputation"
"FBS","Nouveaux Bilans Alimentaire","216","Thaïlande","5142","Nourriture","2734","Viande de Volailles","2018","2018","Milliers de tonnes","921","Im","Données de la FAO basées sur une méthodologie d'imputation"
"FBS","Nouveaux Bilans Alimentaire","176","Timor-Leste","5611","Importations - Quantité","2734","Viande de Volailles","2018","2018","Milliers de tonnes","9","Im","Données de la FAO basées sur une méthodologie d'imputation"
"FBS","Nouveaux Bilans Alimentaire","176","Timor-Leste","5142","Nourriture","2734","Viande de Volailles","2018","2018","Milliers de tonnes","5","Im","Données de la FAO basées sur une méthodologie d'imputation"
"FBS","Nouveaux Bilans Alimentaire","217","Togo","5611","Importations - Quantité","2734","Viande de Volailles","2018","2018","Milliers de tonnes","22","Im","Données de la FAO basées sur une méthodologie d'imputation"
"FBS","Nouveaux Bilans Alimentaire","217","Togo","5142","Nourriture","2734","Viande de Volailles","2018","2018","Milliers de tonnes","57","Im","Données de la FAO basées sur une méthodologie d'imputation"
"FBS","Nouveaux Bilans Alimentaire","220","Trinité-et-Tobago","5611","Importations - Quantité","2734","Viande de Volailles","2018","2018","Milliers de tonnes","24","Im","Données de la FAO basées sur une méthodologie d'imputation"
"FBS","Nouveaux Bilans Alimentaire","220","Trinité-et-Tobago","5142","Nourriture","2734","Viande de Volailles","2018","2018","Milliers de tonnes","88","Im","Données de la FAO basées sur une méthodologie d'imputation"
"FBS","Nouveaux Bilans Alimentaire","222","Tunisie","5611","Importations - Quantité","2734","Viande de Volailles","2018","2018","Milliers de tonnes","2","Im","Données de la FAO basées sur une méthodologie d'imputation"
"FBS","Nouveaux Bilans Alimentaire","222","Tunisie","5142","Nourriture","2734","Viande de Volailles","2018","2018","Milliers de tonnes","201","Im","Données de la FAO basées sur une méthodologie d'imputation"
"FBS","Nouveaux Bilans Alimentaire","213","Turkménistan","5611","Importations - Quantité","2734","Viande de Volailles","2018","2018","Milliers de tonnes","31","Im","Données de la FAO basées sur une méthodologie d'imputation"
"FBS","Nouveaux Bilans Alimentaire","213","Turkménistan","5142","Nourriture","2734","Viande de Volailles","2018","2018","Milliers de tonnes","27","Im","Données de la FAO basées sur une méthodologie d'imputation"
"FBS","Nouveaux Bilans Alimentaire","223","Turquie","5611","Importations - Quantité","2734","Viande de Volailles","2018","2018","Milliers de tonnes","6","Im","Données de la FAO basées sur une méthodologie d'imputation"
"FBS","Nouveaux Bilans Alimentaire","223","Turquie","5142","Nourriture","2734","Viande de Volailles","2018","2018","Milliers de tonnes","1716","Im","Données de la FAO basées sur une méthodologie d'imputation"
"FBS","Nouveaux Bilans Alimentaire","230","Ukraine","5611","Importations - Quantité","2734","Viande de Volailles","2018","2018","Milliers de tonnes","133","Im","Données de la FAO basées sur une méthodologie d'imputation"
"FBS","Nouveaux Bilans Alimentaire","230","Ukraine","5142","Nourriture","2734","Viande de Volailles","2018","2018","Milliers de tonnes","1087","Im","Données de la FAO basées sur une méthodologie d'imputation"
"FBS","Nouveaux Bilans Alimentaire","234","Uruguay","5611","Importations - Quantité","2734","Viande de Volailles","2018","2018","Milliers de tonnes","6","Im","Données de la FAO basées sur une méthodologie d'imputation"
"FBS","Nouveaux Bilans Alimentaire","234","Uruguay","5142","Nourriture","2734","Viande de Volailles","2018","2018","Milliers de tonnes","32","Im","Données de la FAO basées sur une méthodologie d'imputation"
"FBS","Nouveaux Bilans Alimentaire","155","Vanuatu","5611","Importations - Quantité","2734","Viande de Volailles","2018","2018","Milliers de tonnes","4","Im","Données de la FAO basées sur une méthodologie d'imputation"
"FBS","Nouveaux Bilans Alimentaire","155","Vanuatu","5142","Nourriture","2734","Viande de Volailles","2018","2018","Milliers de tonnes","4","Im","Données de la FAO basées sur une méthodologie d'imputation"
"FBS","Nouveaux Bilans Alimentaire","236","Venezuela (République bolivarienne du)","5611","Importations - Quantité","2734","Viande de Volailles","2018","2018","Milliers de tonnes","3","Im","Données de la FAO basées sur une méthodologie d'imputation"
"FBS","Nouveaux Bilans Alimentaire","236","Venezuela (République bolivarienne du)","5142","Nourriture","2734","Viande de Volailles","2018","2018","Milliers de tonnes","451","Im","Données de la FAO basées sur une méthodologie d'imputation"
"FBS","Nouveaux Bilans Alimentaire","237","Viet Nam","5611","Importations - Quantité","2734","Viande de Volailles","2018","2018","Milliers de tonnes","593","Im","Données de la FAO basées sur une méthodologie d'imputation"
"FBS","Nouveaux Bilans Alimentaire","237","Viet Nam","5142","Nourriture","2734","Viande de Volailles","2018","2018","Milliers de tonnes","1518","Im","Données de la FAO basées sur une méthodologie d'imputation"
"FBS","Nouveaux Bilans Alimentaire","249","Yémen","5611","Importations - Quantité","2734","Viande de Volailles","2018","2018","Milliers de tonnes","96","Im","Données de la FAO basées sur une méthodologie d'imputation"
"FBS","Nouveaux Bilans Alimentaire","249","Yémen","5142","Nourriture","2734","Viande de Volailles","2018","2018","Milliers de tonnes","185","Im","Données de la FAO basées sur une méthodologie d'imputation"
"FBS","Nouveaux Bilans Alimentaire","251","Zambie","5611","Importations - Quantité","2734","Viande de Volailles","2018","2018","Milliers de tonnes","11","Im","Données de la FAO basées sur une méthodologie d'imputation"
"FBS","Nouveaux Bilans Alimentaire","251","Zambie","5142","Nourriture","2734","Viande de Volailles","2018","2018","Milliers de tonnes","58","Im","Données de la FAO basées sur une méthodologie d'imputation"
"FBS","Nouveaux Bilans Alimentaire","181","Zimbabwe","5611","Importations - Quantité","2734","Viande de Volailles","2018","2018","Milliers de tonnes","4","Im","Données de la FAO basées sur une méthodologie d'imputation"
"FBS","Nouveaux Bilans Alimentaire","181","Zimbabwe","5142","Nourriture","2734","Viande de Volailles","2018","2018","Milliers de tonnes","70","Im","Données de la FAO basées sur une méthodologie d'imputation"
